{
  "metrics": {
    "RMSE": 19.809365862907352,
    "MAE": 15.89193843497711,
    "R2": 0.3259659447438492,
    "NRMSE": 20.812530410238246
  },
  "wall_time_s": 14.867535829544067
}